{
	"$schema": "https://raw.githubusercontent.com/martinring/tmlanguage/master/tmlanguage.json",
	"name": "fast",
	"patterns": [
		{
			"include": "#keywords"
		}
	],
	"repository": {
		"keywords": {
			"patterns": [{
				"name": "string.quoted.double.fast",
				"match": "\\b(idx|add|sub|mul|div|mod|cat|eql|incIdx|decIdx|set|get|print)\\b"
			},
			{
				"name": "support.class",
				"match": "\\b(int|str)\\b"
			},
			{
				"match": ":",
				"name": "constant.character.escape.hurt"
			},
			{
				"name": "variable.language",
				"match": "1|2|3|4|5|6|7|8|9|0"
			}
		]
		}
	},
	"scopeName": "source.fast"
}